<?xml version="1.0" encoding="UTF-8"?>
<project-private xmlns="http://www.netbeans.org/ns/project-private/1">
    <editor-bookmarks xmlns="http://www.netbeans.org/ns/editor-bookmarks/2" lastBookmarkId="0"/>
    <open-files xmlns="http://www.netbeans.org/ns/projectui-open-files/2">
        <group>
            <file>file:/C:/Users/1997j/Documents/NetBeansProjects/Here_I_am/src/here_i_am/Reminder.java</file>
            <file>file:/C:/Users/1997j/Documents/NetBeansProjects/Here_I_am/src/here_i_am/Profile.java</file>
            <file>file:/C:/Users/1997j/Documents/NetBeansProjects/Here_I_am/src/here_i_am/ModifyReminder.java</file>
            <file>file:/C:/Users/1997j/Documents/NetBeansProjects/Here_I_am/src/here_i_am/Login.java</file>
            <file>file:/C:/Users/1997j/Documents/NetBeansProjects/Here_I_am/src/here_i_am/SelectReminder.java</file>
            <file>file:/C:/Users/1997j/Documents/NetBeansProjects/Here_I_am/src/here_i_am/CVGen.java</file>
            <file>file:/C:/Users/1997j/Documents/NetBeansProjects/Here_I_am/src/here_i_am/SetReminder.java</file>
            <file>file:/C:/Users/1997j/Documents/NetBeansProjects/Here_I_am/src/here_i_am/Timerrem.java</file>
            <file>file:/C:/Users/1997j/Documents/NetBeansProjects/Here_I_am/src/here_i_am/NewReminder.java</file>
            <file>file:/C:/Users/1997j/Documents/NetBeansProjects/Here_I_am/src/here_i_am/Here_I_am.java</file>
        </group>
    </open-files>
</project-private>
